35934451,116@•½“ú:—\”õ^“y“új:—\”õ
11046958,117@•½“ú:S7^“y“új:A11
11702778,118@•½“ú:S9@^“y“új:B12
10670737,771@•½“ú:E4^“y“új:—\”õ
11380430,775@•½“ú:C4^“y“új:E3
10693859,776@•½“ú:—\”õ^“y“új:—\”õ
10605770,780@•½“ú:—\”õ^“y“új:—\”õ
10826430,781@•½“ú:B8^“y“új:A9‘O+‚ä2Œã
11841607,782@•½“ú:—\”õ^“y“új:—\”õ
10624110,783@•½“ú:E2+‚ä2@^“y“új:A13
10772829,785@•½“ú:—\”õ^“y“új:—\”õ
11351768,786@•½“ú:—\”õ^“y“új:—\”õ
10614098,787@•½“ú:B11^“y“új:B8
11457680,788@•½“ú:—\”õ^“y“új:—\”õ
10812399,800@•½“ú:—\”õ^“y“új:—\”õ
10910550,801@•½“ú:B14^“y“új:—\”õ
10524966,802@•½“ú:C3^“y“új:C2
11220594,803@•½“ú:—\”õ^“y“új:—\”õ
11636897,805@•½“ú:S4^“y“új:—\”õ
11218706,807@•½“ú:A13^“y“új:B14
11175496,811@•½“ú:B9^“y“új:B9
10496204,812@•½“ú:A8^“y“új:A7
11364198,813@•½“ú:A10^“y“új:B11
11783223,815@•½“ú:—\”õ^“y“új:—\”õ
10680345,816@•½“ú:‚ä1+A12@^“y“új:C3
11349171,817@•½“ú:—\”õ^“y“új:—\”õ
10720466,820@•½“ú:—\”õ^“y“új:—\”õ
10702353,821@•½“ú:E3+‚ä4@^“y“új:—\”õ
10632746,822@•½“ú:S10^“y“új:E5
10562709,823@•½“ú:E5^“y“új:—\”õ
11022169,825@•½“ú:B12^“y“új:A12
11668269,826@•½“ú:—\”õ^“y“új:—\”õ
11566434,yƒŠƒ€ƒWƒ“z830@²‰ê‹ó`ü
11439757,827@•½“ú:S5{B13@^“y“új:C1
10530301,831@•½“ú:A3+C5@^“y“új:A5+B7@
10715305,832@•½“ú:—\”õ^“y“új:—\”õ
10584680,833@•½“ú:C1^“y“új:—\”õ
11613370,835@•½“ú:S6^“y“új:—\”õ
10574253,836@•½“ú:B13‘O+B22^“y“új:B15
11157444,837@•½“ú:C5‘O+B15^“y“új:B6+A16
10515006,838@•½“ú:S1+S12^“y“új:A10
11050613,851@•½“ú:C2^“y“új:—\”õ
11144100,852@•½“ú:A9^“y“új:—\”õ
10881534,853@•½“ú:B10^“y“új:—\”õ
11760376,855@•½“ú:S8^“y“új:—\”õ
11204030,856@•½“ú:S11^“y“új:—\”õ
11112956,857@•½“ú:‚ä3^“y“új:‚ä4
11593454,858@•½“ú:‚ä2‘O+‚ä5^“y“új:‚ä2‘O+‚ä5
10951652,860@•½“ú:A12‘O+B23^“y“új:B10
10593486,861@•½“ú:S9‘O+A14^“y“új:‚ä1+A19
10976035,862@•½“ú:A6^“y“új:—\”õ
11532194,863@•½“ú:A1+B16^“y“új:B1+B16
10947768,865@•½“ú:‚a3^“y“új:‚a5
11463024,866@•½“ú:B2+B17^“y“új:B2+B17
10793120,867@•½“ú:E1+A20^“y“új:E1+B22
11266143,868@•½“ú:A7+A19^“y“új:B8+B21
11194505,870@•½“ú:B1+A18^“y“új:A1+A20
10734226,871@•½“ú:B7+A17^“y“új:A4+B23
10847901,872@•½“ú:B5+B18^“y“új:E2+A18
11695908,873@•½“ú:‚ä4‘O^“y“újF‚ä3
30805039,875@•½“ú:A5+B21^“y“új:A6+A19
30772297,876@•½“ú:A2+A15^“y“új:A3+B20
30781668,877@•½“ú:B4+B19^“y“új:A2+B18
11407678,878@•½“ú:—\”õ^“y“új:—\”õ
11856115,880@•½“ú:‚a6+A16^“y“új:‚a4+A17
11839102,881@•½“ú:A4+B20^“y“új:B3+A15
11001523,882@•½“ú:S2+S13^“y“új:E4+A9@
10981177,883@•½“ú:S3+S14^“y“új:B7‘O+‚`14
10541529,885@•½“ú:—\”õ^“y“új:—\”õ
11472513,810@ƒGƒAƒ|[ƒg
